Unnamed: 0,player_name,team_abbreviation,age,player_height,player_weight,college,country,draft_year,draft_round,draft_number,gp,pts,reb,ast,net_rating,oreb_pct,dreb_pct,usg_pct,ts_pct,ast_pct,season,season_year,total_points
3,George McCloud,LAL,30,203.2,102.0582,Florida State,USA,1989,1,7,64,10.2,2.8,1.7,-2.7,0.027,0.111,0.206,0.527,0.125,1996-97,1996.0,652.8
47,Elden Campbell,LAL,28,213.36,113.398,Clemson,USA,1990,1,27,77,14.9,8.0,1.6,3.3,0.095,0.183,0.222,0.52,0.087,1996-97,1996.0,1147.3
59,Jerome Kersey,LAL,35,200.66,108.86208,Longwood,USA,1984,2,46,70,6.8,5.2,1.3,4.1,0.072,0.164,0.145,0.475,0.077,1996-97,1996.0,476.0
96,Eddie Jones,LAL,25,198.12,86.18248,Temple,USA,1994,1,10,80,17.2,4.1,3.4,4.1,0.035,0.091,0.209,0.559,0.149,1996-97,1996.0,1376.0
112,Corie Blount,LAL,28,208.28,109.769264,Cincinnati,USA,1993,1,25,58,4.2,4.8,0.6,2.0,0.13,0.182,0.119,0.559,0.056,1996-97,1996.0,243.60000000000002
132,Byron Scott,LAL,36,193.04,92.98636,Arizona State,USA,1983,1,4,79,6.7,1.5,1.3,6.7,0.017,0.075,0.157,0.59,0.11,1996-97,1996.0,529.3000000000001
190,Derek Fisher,LAL,22,185.42,90.7184,Arkansas-Little Rock,USA,1996,1,24,80,3.9,1.2,1.5,5.1,0.031,0.087,0.186,0.491,0.223,1996-97,1996.0,312.0
202,Sean Rooks,LAL,27,208.28,117.93392,Arizona,USA,1992,2,30,69,3.8,2.4,0.6,1.3,0.088,0.166,0.177,0.547,0.098,1996-97,1996.0,262.2
206,Shaquille O'Neal,LAL,25,215.9,136.0776,Louisiana State,USA,1992,1,1,51,26.2,12.5,3.1,6.9,0.119,0.26,0.314,0.556,0.159,1996-97,1996.0,1336.2
228,Robert Horry,LAL,26,208.28,99.79024,Alabama,USA,1992,1,11,54,7.8,4.4,2.0,2.7,0.056,0.143,0.149,0.529,0.119,1996-97,1996.0,421.2
263,Travis Knight,LAL,22,213.36,106.59412,Connecticut,USA,1996,1,29,71,4.8,4.5,0.5,6.2,0.127,0.182,0.142,0.536,0.052,1996-97,1996.0,340.8
334,Kobe Bryant,LAL,18,200.66,90.7184,None,USA,1996,1,13,71,7.6,1.9,1.3,2.2,0.048,0.084,0.244,0.544,0.144,1996-97,1996.0,539.6
346,Nick Van Exel,LAL,25,185.42,83.007336,Cincinnati,USA,1993,2,37,79,15.3,2.9,8.5,3.8,0.017,0.071,0.209,0.518,0.358,1996-97,1996.0,1208.7
441,Nick Van Exel,LAL,26,185.42,86.18248,Cincinnati,USA,1993,2,37,64,13.8,3.0,6.9,8.1,0.017,0.088,0.198,0.538,0.335,1997-98,1997.0,883.2
465,Rick Fox,LAL,28,200.66,109.769264,North Carolina,Canada,1991,1,24,82,12.0,4.4,3.4,7.8,0.034,0.112,0.177,0.564,0.155,1997-98,1997.0,984.0
496,Kobe Bryant,LAL,19,200.66,95.25432,None,USA,1996,1,13,79,15.4,3.1,2.5,6.9,0.044,0.088,0.268,0.548,0.165,1997-98,1997.0,1216.6000000000001
523,Mario Bennett,LAL,24,205.74,106.59412,Arizona State,USA,1995,1,27,45,3.9,2.8,0.4,5.0,0.164,0.207,0.201,0.573,0.084,1997-98,1997.0,175.5
539,Robert Horry,LAL,27,208.28,99.79024,Alabama,USA,1992,1,11,72,7.4,7.5,2.3,11.6,0.1,0.179,0.121,0.542,0.104,1997-98,1997.0,532.8000000000001
610,Sean Rooks,LAL,28,208.28,117.93392,Arizona,USA,1992,2,30,41,3.4,2.9,0.6,1.6,0.117,0.173,0.155,0.512,0.085,1997-98,1997.0,139.4
635,Shaquille O'Neal,LAL,26,215.9,142.88148,Louisiana State,USA,1992,1,1,60,28.3,11.4,2.4,15.6,0.114,0.236,0.331,0.587,0.125,1997-98,1997.0,1698.0
690,Corie Blount,LAL,29,208.28,109.769264,Cincinnati,USA,1993,1,25,70,3.6,4.3,0.5,5.1,0.126,0.201,0.115,0.572,0.053,1997-98,1997.0,252.0
794,Jon Barry,LAL,28,195.58,95.25432,Georgia Tech,USA,1992,1,21,49,2.5,0.8,1.0,4.7,0.021,0.077,0.151,0.518,0.194,1997-98,1997.0,122.5
845,Derek Fisher,LAL,23,185.42,90.7184,Arkansas-Little Rock,USA,1996,1,24,82,5.8,2.4,4.1,9.1,0.026,0.099,0.141,0.533,0.27,1997-98,1997.0,475.59999999999997
849,Eddie Jones,LAL,26,198.12,90.7184,Temple,USA,1994,1,10,80,16.8,3.8,3.1,10.3,0.034,0.083,0.196,0.591,0.133,1997-98,1997.0,1344.0
853,Elden Campbell,LAL,29,213.36,115.66596,Clemson,USA,1990,1,27,81,10.1,5.6,1.0,1.7,0.093,0.201,0.223,0.527,0.075,1997-98,1997.0,818.1
887,Derek Harper,LAL,37,193.04,93.439952,Illinois,USA,1983,1,11,45,6.9,1.5,4.2,-2.6,0.014,0.052,0.143,0.506,0.255,1998-99,1998.0,310.5
900,Derek Fisher,LAL,24,185.42,90.7184,Arkansas-Little Rock,USA,1996,1,24,50,5.9,1.8,3.9,8.9,0.023,0.074,0.149,0.497,0.256,1998-99,1998.0,295.0
925,Dennis Rodman,LAL,38,200.66,95.25432,Southeastern Oklahoma State,USA,1986,2,27,23,2.1,11.2,1.3,-1.4,0.114,0.348,0.065,0.388,0.063,1998-99,1998.0,48.300000000000004
950,J.R. Reid,LAL,31,208.28,112.037224,North Carolina,USA,1989,1,5,41,9.0,5.2,1.2,-0.7,0.055,0.181,0.18,0.547,0.081,1998-99,1998.0,369.0
951,Glen Rice,LAL,32,203.2,99.79024,Michigan,USA,1989,1,4,27,17.5,3.7,2.6,4.2,0.011,0.108,0.224,0.542,0.118,1998-99,1998.0,472.5
1088,Ruben Patterson,LAL,23,198.12,102.965384,Cincinnati,USA,1998,2,31,24,2.7,1.3,0.1,-4.0,0.13,0.107,0.229,0.503,0.024,1998-99,1998.0,64.80000000000001
1092,Sam Jacobson,LAL,23,193.04,97.52228,Minnesota,USA,1998,1,26,2,4.0,1.5,0.0,26.0,0.0,0.214,0.24,0.68,0.0,1998-99,1998.0,8.0
1102,Sean Rooks,LAL,29,208.28,117.93392,Arizona,USA,1992,2,30,36,2.7,2.0,0.3,-7.6,0.111,0.156,0.172,0.489,0.051,1998-99,1998.0,97.2
1105,Shaquille O'Neal,LAL,27,215.9,142.88148,Louisiana State,USA,1992,1,1,49,26.3,10.7,2.3,6.4,0.135,0.227,0.325,0.584,0.132,1998-99,1998.0,1288.7
1123,Robert Horry,LAL,28,208.28,106.59412,Alabama,USA,1992,1,11,38,4.9,4.0,1.5,9.0,0.091,0.148,0.13,0.565,0.112,1998-99,1998.0,186.20000000000002
1134,Rick Fox,LAL,29,200.66,109.769264,North Carolina,Canada,1991,1,24,44,9.0,2.0,2.0,4.2,0.033,0.078,0.202,0.534,0.16,1998-99,1998.0,396.0
1143,Travis Knight,LAL,24,213.36,106.59412,Connecticut,USA,1996,1,29,37,4.2,3.5,0.8,0.9,0.077,0.195,0.15,0.546,0.087,1998-99,1998.0,155.4
1150,Tyronn Lue,LAL,22,182.88,79.3786,Nebraska,USA,1998,1,23,15,5.0,0.3,1.7,1.7,0.006,0.025,0.199,0.505,0.207,1998-99,1998.0,75.0
1225,Kobe Bryant,LAL,20,200.66,97.52228,None,USA,1996,1,13,50,19.9,5.3,3.8,2.8,0.033,0.128,0.254,0.549,0.176,1998-99,1998.0,994.9999999999999
1385,John Celestand,LAL,23,193.04,80.739376,Villanova,USA,1999,2,30,16,2.3,0.7,1.3,-3.1,0.006,0.056,0.148,0.388,0.165,1999-00,1999.0,36.8
1387,John Salley,LAL,36,210.82,115.66596,Georgia Tech,USA,1986,1,11,45,1.6,1.4,0.6,0.7,0.068,0.156,0.148,0.437,0.146,1999-00,1999.0,72.0
1413,Kobe Bryant,LAL,21,200.66,95.25432,None,USA,1996,1,13,66,22.5,6.3,4.9,10.4,0.046,0.128,0.266,0.546,0.215,1999-00,1999.0,1485.0
1478,Tyronn Lue,LAL,23,182.88,79.3786,Nebraska,USA,1998,1,23,8,6.0,1.5,2.1,-10.3,0.014,0.078,0.149,0.564,0.185,1999-00,1999.0,48.0
1483,Travis Knight,LAL,25,213.36,106.59412,Connecticut,USA,1996,1,29,63,1.7,2.0,0.4,3.7,0.124,0.22,0.167,0.418,0.092,1999-00,1999.0,107.1
1492,Robert Horry,LAL,29,208.28,106.59412,Alabama,USA,1992,1,11,76,5.7,4.8,1.6,12.3,0.088,0.143,0.126,0.528,0.103,1999-00,1999.0,433.2
1496,Rick Fox,LAL,30,200.66,109.769264,North Carolina,Canada,1991,1,24,82,6.5,2.4,1.7,8.3,0.046,0.098,0.183,0.502,0.144,1999-00,1999.0,533.0
1523,Shaquille O'Neal,LAL,28,215.9,142.88148,Louisiana State,USA,1992,1,1,79,29.7,13.6,3.8,11.0,0.116,0.246,0.313,0.578,0.184,1999-00,1999.0,2346.2999999999997
1548,Ron Harper,LAL,36,198.12,97.52228,Miami (OH),USA,1986,1,8,80,7.0,4.2,3.4,7.6,0.051,0.128,0.157,0.468,0.189,1999-00,1999.0,560.0
1569,Brian Shaw,LAL,34,198.12,90.7184,California-Santa Barbara,USA,1988,1,24,74,4.1,2.9,2.7,5.6,0.039,0.144,0.147,0.441,0.239,1999-00,1999.0,303.4
1626,A.C. Green,LAL,36,205.74,102.0582,Oregon State,USA,1985,1,23,82,5.0,5.9,1.0,8.1,0.089,0.179,0.111,0.482,0.058,1999-00,1999.0,410.0
1658,Glen Rice,LAL,33,203.2,99.79024,Michigan,USA,1989,1,4,80,15.9,4.1,2.2,7.9,0.024,0.114,0.221,0.551,0.11,1999-00,1999.0,1272.0
1709,Derek Fisher,LAL,25,185.42,90.7184,Arkansas-Little Rock,USA,1996,1,24,78,6.3,1.8,2.8,13.4,0.013,0.07,0.153,0.449,0.176,1999-00,1999.0,491.4
1748,Devean George,LAL,22,203.2,99.79024,Augsburg,USA,1999,1,23,49,3.2,1.5,0.2,4.1,0.088,0.135,0.227,0.478,0.061,1999-00,1999.0,156.8
1796,Greg Foster,LAL,32,210.82,113.398,Texas-El Paso,USA,1990,2,35,62,2.0,1.8,0.5,-11.2,0.071,0.22,0.171,0.449,0.125,Jan-00,,124.0
1830,Horace Grant,LAL,35,208.28,111.13004,Clemson,USA,1987,1,10,77,8.5,7.1,1.6,7.1,0.106,0.149,0.13,0.511,0.073,Jan-00,,654.5
1832,Isaiah Rider,LAL,30,195.58,97.52228,Nevada-Las Vegas,USA,1993,1,5,67,7.6,2.3,1.7,0.0,0.041,0.107,0.226,0.499,0.155,Jan-00,,509.2
1853,Mark Madsen,LAL,25,205.74,108.86208,Stanford,USA,2000,1,29,70,2.0,2.2,0.3,-5.1,0.127,0.137,0.108,0.53,0.06,Jan-00,,140.0
1870,Mike Penberthy,LAL,26,190.5,81.64656,Master's,USA,Undrafted,Undrafted,Undrafted,53,5.0,1.2,1.3,-0.6,0.013,0.067,0.141,0.567,0.129,Jan-00,,265.0
1882,Kobe Bryant,LAL,22,200.66,95.25432,None,USA,1996,1,13,68,28.5,5.9,5.0,6.3,0.042,0.117,0.315,0.552,0.22,Jan-00,,1938.0
1924,Brian Shaw,LAL,35,198.12,90.7184,California-Santa Barbara,USA,1988,1,24,80,5.3,3.8,3.2,2.2,0.03,0.158,0.131,0.479,0.206,Jan-00,,424.0
2006,Devean George,LAL,23,203.2,99.79024,Augsburg,USA,1999,1,23,59,3.1,1.9,0.3,-6.0,0.065,0.145,0.201,0.394,0.055,Jan-00,,182.9
2034,Derek Fisher,LAL,26,185.42,90.7184,Arkansas-Little Rock,USA,1996,1,24,20,11.5,3.0,4.4,11.1,0.008,0.089,0.153,0.534,0.181,Jan-00,,230.0
2128,Tyronn Lue,LAL,24,182.88,80.739376,Nebraska,USA,1998,1,23,38,3.4,0.8,1.2,-5.2,0.012,0.066,0.148,0.51,0.157,Jan-00,,129.2
2138,Slava Medvedenko,LAL,22,208.28,113.398,None,Ukraine,Undrafted,Undrafted,Undrafted,7,4.6,1.3,0.3,3.3,0.026,0.16,0.337,0.528,0.087,Jan-00,,32.199999999999996
2141,Robert Horry,LAL,30,208.28,106.59412,Alabama,USA,1992,1,11,79,5.2,3.7,1.6,2.1,0.068,0.149,0.141,0.489,0.124,Jan-00,,410.8
2143,Rick Fox,LAL,31,200.66,109.769264,North Carolina,Canada,1991,1,24,82,9.6,4.0,3.2,6.1,0.04,0.116,0.162,0.562,0.168,Jan-00,,787.1999999999999
2169,Ron Harper,LAL,37,198.12,97.52228,Miami (OH),USA,1986,1,8,47,6.5,3.5,2.4,4.2,0.046,0.116,0.139,0.525,0.144,Jan-00,,305.5
2176,Shaquille O'Neal,LAL,29,215.9,142.88148,Louisiana State,USA,1992,1,1,74,28.7,12.7,3.7,7.9,0.116,0.247,0.318,0.574,0.177,Jan-00,,2123.7999999999997
2227,Robert Horry,LAL,31,208.28,106.59412,Alabama,USA,1992,1,11,81,6.8,5.9,2.9,8.3,0.068,0.178,0.128,0.528,0.158,Feb-01,,550.8
2229,Rick Fox,LAL,32,200.66,109.769264,North Carolina,Canada,1991,1,24,82,7.9,4.7,3.5,6.1,0.044,0.143,0.152,0.502,0.174,Feb-01,,647.8000000000001
2269,Mitch Richmond,LAL,37,195.58,99.79024,Kansas State,USA,1988,1,5,64,4.1,1.5,0.9,9.8,0.021,0.114,0.194,0.488,0.131,Feb-01,,262.4
2272,Mike Penberthy,LAL,27,190.5,81.64656,Master's,USA,Undrafted,Undrafted,Undrafted,3,1.7,0.7,0.7,-10.9,0.0,0.154,0.132,0.665,0.25,Feb-01,,5.1
2277,Samaki Walker,LAL,26,205.74,117.93392,Louisville,USA,1996,1,9,69,6.7,7.0,0.9,3.1,0.087,0.231,0.131,0.545,0.057,Feb-01,,462.3
2319,Slava Medvedenko,LAL,23,208.28,113.398,None,Ukraine,Undrafted,Undrafted,Undrafted,70,4.7,2.3,0.6,6.9,0.127,0.113,0.228,0.501,0.099,Feb-01,,329.0
2325,Shaquille O'Neal,LAL,30,215.9,142.88148,Louisiana State,USA,1992,1,1,67,27.2,10.7,3.0,11.5,0.11,0.211,0.318,0.59,0.157,Feb-01,,1822.3999999999999
2358,Mark Madsen,LAL,26,205.74,107.047712,Stanford,USA,2000,1,29,59,2.8,2.7,0.7,5.7,0.143,0.137,0.129,0.492,0.096,Feb-01,,165.2
2415,Derek Fisher,LAL,27,185.42,90.7184,Arkansas-Little Rock,USA,1996,1,24,70,11.2,2.1,2.6,9.4,0.008,0.073,0.175,0.55,0.137,Feb-01,,784.0
2418,Devean George,LAL,24,203.2,99.79024,Augsburg,USA,1999,1,23,82,7.1,3.7,1.4,12.2,0.049,0.138,0.163,0.502,0.097,Feb-01,,582.1999999999999
2445,Kobe Bryant,LAL,23,200.66,95.25432,None,USA,1996,1,13,80,25.2,5.5,5.5,7.6,0.041,0.118,0.304,0.544,0.254,Feb-01,,2016.0
2473,Lindsey Hunter,LAL,31,187.96,88.45044,Jackson State,USA,1993,1,10,82,5.8,1.5,1.6,4.6,0.012,0.07,0.158,0.466,0.119,Feb-01,,475.59999999999997
2484,Jelani McCoy,LAL,24,208.28,111.13004,UCLA,USA,1998,2,33,21,1.2,1.2,0.3,-14.8,0.092,0.185,0.148,0.53,0.109,Feb-01,,25.2
2596,Brian Shaw,LAL,36,198.12,90.7184,California-Santa Barbara,USA,1988,1,24,58,2.9,1.9,1.5,8.0,0.033,0.164,0.153,0.458,0.207,Feb-01,,168.2
2658,Mark Madsen,LAL,27,205.74,111.13004,Stanford,USA,2000,1,29,54,3.2,2.9,0.7,0.6,0.118,0.111,0.12,0.458,0.067,Mar-02,,172.8
2706,Kareem Rush,LAL,22,198.12,97.52228,Missouri,USA,2002,1,20,76,3.0,1.2,0.9,-3.5,0.033,0.088,0.162,0.447,0.119,Mar-02,,228.0
2718,Kobe Bryant,LAL,24,200.66,97.52228,None,USA,1996,1,13,82,30.0,6.9,5.9,3.7,0.035,0.152,0.329,0.55,0.268,Mar-02,,2460.0
2747,Samaki Walker,LAL,27,205.74,115.66596,Louisville,USA,1996,1,9,67,4.4,5.5,1.0,-2.7,0.1,0.224,0.137,0.465,0.08,Mar-02,,294.8
2758,Shaquille O'Neal,LAL,31,215.9,151.95332,Louisiana State,USA,1992,1,1,67,27.5,11.1,3.1,6.9,0.12,0.214,0.303,0.602,0.15,Mar-02,,1842.5
2763,Slava Medvedenko,LAL,24,208.28,115.66596,None,Ukraine,Undrafted,Undrafted,Undrafted,58,4.4,2.4,0.3,-5.3,0.111,0.134,0.22,0.46,0.05,Mar-02,,255.20000000000002
2765,Soumaila Samake,LAL,25,208.28,108.86208,None,Mali,2000,2,36,13,1.7,1.8,0.3,-10.0,0.143,0.203,0.15,0.442,0.087,Mar-02,,22.099999999999998
2784,Rick Fox,LAL,33,200.66,106.59412,North Carolina,Canada,1991,1,24,76,9.0,4.3,3.3,2.8,0.032,0.131,0.157,0.523,0.171,Mar-02,,684.0
2787,Robert Horry,LAL,32,208.28,107.954896,Alabama,USA,1992,1,11,80,6.5,6.4,2.9,4.4,0.088,0.163,0.123,0.488,0.148,Mar-02,,520.0
2848,Tracy Murray,LAL,31,200.66,103.418976,UCLA,USA,1992,1,18,31,2.0,0.7,0.4,-15.9,0.029,0.114,0.199,0.407,0.103,Mar-02,,62.0
2904,Brian Shaw,LAL,37,198.12,90.7184,California-Santa Barbara,USA,1988,1,24,72,3.5,1.7,1.4,-5.4,0.024,0.128,0.158,0.467,0.189,Mar-02,,252.0
2971,Jannero Pargo,LAL,23,187.96,77.11064,Arkansas,USA,Undrafted,Undrafted,Undrafted,34,2.5,1.1,1.1,-0.1,0.027,0.101,0.15,0.449,0.168,Mar-02,,85.0
3028,Devean George,LAL,25,203.2,102.0582,Augsburg,USA,1999,1,23,71,6.9,4.0,1.3,2.7,0.063,0.143,0.158,0.485,0.092,Mar-02,,489.90000000000003
3031,Derek Fisher,LAL,28,185.42,92.98636,Arkansas-Little Rock,USA,1996,1,24,82,10.5,2.9,3.6,4.4,0.016,0.079,0.145,0.52,0.157,Mar-02,,861.0
3090,Bryon Russell,LAL,33,200.66,102.0582,Long Beach State,USA,1993,2,45,72,4.0,2.0,1.0,1.2,0.038,0.144,0.149,0.53,0.122,Apr-03,,288.0
3145,Kareem Rush,LAL,23,198.12,97.52228,Missouri,USA,2002,1,20,72,6.4,1.3,0.8,-1.1,0.018,0.076,0.185,0.505,0.08,Apr-03,,460.8
3146,Karl Malone,LAL,40,205.74,117.480328,Louisiana Tech,USA,1985,1,13,42,13.2,8.7,3.9,8.1,0.051,0.237,0.193,0.555,0.185,Apr-03,,554.4
3153,Brian Cook,LAL,23,205.74,106.140528,Illinois,USA,2003,1,24,35,4.4,2.9,0.6,-2.5,0.071,0.19,0.172,0.505,0.079,Apr-03,,154.0
3188,Jamal Sampson,LAL,21,210.82,106.59412,California,USA,2002,2,46,10,2.9,5.2,0.7,-7.2,0.161,0.266,0.116,0.513,0.093,Apr-03,,29.0
3249,Devean George,LAL,26,203.2,108.86208,Augsburg,USA,1999,1,23,82,7.4,4.0,1.4,4.7,0.05,0.143,0.16,0.492,0.089,Apr-03,,606.8000000000001
3255,Derek Fisher,LAL,29,185.42,92.98636,Arkansas-Little Rock,USA,1996,1,24,82,7.1,1.9,2.3,2.4,0.019,0.084,0.186,0.451,0.175,Apr-03,,582.1999999999999
3271,Gary Payton,LAL,35,193.04,81.64656,Oregon State,USA,1990,1,2,82,14.6,4.2,5.5,5.8,0.028,0.105,0.202,0.528,0.259,Apr-03,,1197.2
3272,Horace Grant,LAL,38,208.28,111.13004,Clemson,USA,1987,1,10,55,4.1,4.2,1.3,1.6,0.078,0.175,0.115,0.45,0.098,Apr-03,,225.49999999999997
3303,Shaquille O'Neal,LAL,32,215.9,154.22128,Louisiana State,USA,1992,1,1,67,21.5,11.5,2.9,8.3,0.114,0.232,0.26,0.578,0.14,Apr-03,,1440.5
3307,Slava Medvedenko,LAL,25,208.28,113.398,None,Ukraine,Undrafted,Undrafted,Undrafted,68,8.3,5.0,0.8,-0.8,0.113,0.16,0.203,0.479,0.068,Apr-03,,564.4000000000001
3326,Rick Fox,LAL,34,200.66,106.59412,North Carolina,Canada,1991,1,24,38,4.8,2.7,2.6,5.2,0.039,0.096,0.133,0.459,0.161,Apr-03,,182.4
3404,Luke Walton,LAL,24,203.2,106.59412,Arizona,USA,2003,2,32,72,2.4,1.8,1.6,1.4,0.061,0.15,0.139,0.505,0.246,Apr-03,,172.79999999999998
3440,Kobe Bryant,LAL,25,198.12,99.79024,None,USA,1996,1,13,65,24.0,5.5,5.1,6.2,0.047,0.119,0.286,0.551,0.237,Apr-03,,1560.0
3569,Kobe Bryant,LAL,26,198.12,99.79024,None,USA,1996,1,13,66,27.6,5.9,6.0,-2.2,0.04,0.125,0.316,0.563,0.287,May-04,,1821.6000000000001
3603,Luke Walton,LAL,25,203.2,106.59412,Arizona,USA,2003,2,32,61,3.2,2.3,1.5,-7.4,0.079,0.132,0.152,0.492,0.2,May-04,,195.20000000000002
3621,Lamar Odom,LAL,25,208.28,102.0582,Rhode Island,USA,1999,1,4,64,15.2,10.2,3.7,-2.0,0.067,0.242,0.21,0.539,0.182,May-04,,972.8
3639,Tierre Brown,LAL,26,187.96,85.728888,McNeese State,USA,Undrafted,Undrafted,Undrafted,76,4.4,1.2,2.0,-5.1,0.023,0.079,0.2,0.437,0.248,May-04,,334.40000000000003
3670,Vlade Divac,LAL,37,215.9,117.93392,None,Serbia and Montenegro,1989,1,26,15,2.3,2.1,1.3,-14.2,0.142,0.133,0.165,0.469,0.247,May-04,,34.5
3713,Slava Medvedenko,LAL,26,208.28,113.398,None,Ukraine,Undrafted,Undrafted,Undrafted,43,3.8,1.8,0.3,-5.7,0.082,0.123,0.191,0.49,0.052,May-04,,163.4
3726,Sasha Vujacic,LAL,21,200.66,87.543256,None,Slovenia,2004,1,27,35,2.9,1.8,1.5,-1.4,0.036,0.14,0.152,0.403,0.185,May-04,,101.5
3745,Chris Mihm,LAL,25,213.36,120.20188,Texas,USA,2000,1,7,75,9.8,6.7,0.7,-3.8,0.12,0.177,0.187,0.552,0.046,May-04,,735.0
3753,Caron Butler,LAL,25,200.66,98.429464,Connecticut,USA,2002,1,10,77,15.5,5.8,1.9,-4.1,0.06,0.124,0.206,0.528,0.091,May-04,,1193.5
3766,Brian Grant,LAL,33,205.74,115.212368,Xavier,USA,1994,1,8,69,3.8,3.7,0.5,-5.0,0.1,0.155,0.115,0.539,0.048,May-04,,262.2
3767,Chucky Atkins,LAL,30,180.34,72.57472,South Florida,USA,Undrafted,Undrafted,Undrafted,82,13.6,2.4,4.4,-2.3,0.012,0.063,0.178,0.558,0.201,May-04,,1115.2
3768,Brian Cook,LAL,24,205.74,106.140528,Illinois,USA,2003,1,24,72,6.4,3.0,0.5,2.5,0.066,0.162,0.196,0.522,0.056,May-04,,460.8
3810,Jumaine Jones,LAL,26,203.2,98.883056,Georgia,USA,1999,1,27,76,7.6,5.2,0.9,-1.0,0.067,0.179,0.141,0.556,0.057,May-04,,577.6
3931,Devean George,LAL,27,203.2,108.86208,Augsburg,USA,1999,1,23,15,7.3,3.5,0.9,-12.9,0.045,0.169,0.179,0.488,0.078,May-04,,109.5
4000,Sasha Vujacic,LAL,22,200.66,88.45044,None,Slovenia,2004,1,27,82,3.9,1.9,1.7,3.1,0.026,0.104,0.123,0.479,0.152,Jun-05,,319.8
4013,Ronny Turiaf,LAL,23,208.28,112.944408,Gonzaga,France,2005,2,37,23,2.0,1.6,0.3,-0.9,0.079,0.203,0.142,0.537,0.078,Jun-05,,46.0
4026,Smush Parker,LAL,25,193.04,81.64656,Fordham,USA,Undrafted,Undrafted,Undrafted,82,11.5,3.3,3.7,3.0,0.016,0.099,0.163,0.548,0.165,Jun-05,,943.0
4034,Slava Medvedenko,LAL,27,208.28,113.398,None,Ukraine,Undrafted,Undrafted,Undrafted,2,1.0,0.0,0.5,88.5,0.0,0.0,0.122,0.5,0.125,Jun-05,,2.0
4037,Von Wafer,LAL,20,195.58,95.25432,Florida State,USA,2005,2,39,16,1.3,0.5,0.3,-11.6,0.062,0.045,0.268,0.241,0.114,Jun-05,,20.8
4095,Jim Jackson,LAL,35,198.12,99.79024,Ohio State,USA,1992,1,4,40,3.0,1.9,0.9,1.1,0.023,0.129,0.172,0.365,0.099,Jun-05,,120.0
4105,Luke Walton,LAL,26,203.2,105.233344,Arizona,USA,2003,2,32,69,5.0,3.6,2.3,3.3,0.077,0.143,0.152,0.477,0.189,Jun-05,,345.0
4138,Laron Profit,LAL,28,195.58,92.532768,Maryland,USA,1999,2,38,25,4.2,1.7,0.6,-2.8,0.033,0.148,0.199,0.55,0.104,Jun-05,,105.0
4140,Lamar Odom,LAL,26,208.28,104.32616,Rhode Island,USA,1999,1,4,80,14.8,9.2,5.5,3.6,0.067,0.2,0.18,0.558,0.22,Jun-05,,1184.0
4160,Kwame Brown,LAL,24,210.82,112.490816,None,USA,2001,1,1,72,7.4,6.6,1.0,2.9,0.109,0.171,0.138,0.545,0.056,Jun-05,,532.8000000000001
4163,Kobe Bryant,LAL,27,198.12,99.79024,None,USA,1996,1,13,80,35.4,5.3,4.5,4.7,0.026,0.127,0.384,0.559,0.228,Jun-05,,2832.0
4271,Brian Cook,LAL,25,205.74,117.026736,Illinois,USA,2003,1,24,81,7.9,3.4,0.9,3.5,0.068,0.148,0.183,0.578,0.079,Jun-05,,639.9
4313,Aaron McKie,LAL,33,195.58,94.800728,Temple,USA,1994,1,17,14,0.5,1.4,0.8,-6.2,0.03,0.168,0.06,0.272,0.147,Jun-05,,7.0
4333,Andrew Bynum,LAL,18,213.36,124.7378,None,USA,2005,1,10,46,1.6,1.7,0.2,-4.0,0.11,0.154,0.152,0.394,0.044,Jun-05,,73.60000000000001
4339,Chris Mihm,LAL,26,213.36,120.20188,Texas,USA,2000,1,7,59,10.2,6.3,1.0,1.4,0.11,0.18,0.185,0.552,0.063,Jun-05,,601.8
4410,Devin Green,LAL,23,200.66,96.161504,Hampton,USA,Undrafted,Undrafted,Undrafted,27,0.9,0.9,0.3,-16.1,0.085,0.117,0.144,0.336,0.097,Jun-05,,24.3
4413,Devean George,LAL,28,203.2,106.59412,Augsburg,USA,1999,1,23,71,6.3,3.9,1.0,2.7,0.06,0.145,0.153,0.484,0.073,Jun-05,,447.3
4485,Brian Cook,LAL,26,205.74,117.026736,Illinois,USA,2003,1,24,65,6.9,3.3,1.0,2.4,0.071,0.178,0.211,0.525,0.1,Jul-06,,448.5
4512,Aaron McKie,LAL,34,195.58,94.800728,Temple,USA,1994,1,17,10,2.2,1.8,1.3,-4.0,0.009,0.155,0.089,0.647,0.165,Jul-06,,22.0
4515,Andrew Bynum,LAL,19,213.36,124.7378,None,USA,2005,1,10,82,7.8,5.9,1.1,-2.4,0.092,0.212,0.166,0.593,0.085,Jul-06,,639.6
4597,Maurice Evans,LAL,28,195.58,99.79024,Texas,USA,Undrafted,Undrafted,Undrafted,76,8.4,2.9,1.0,0.3,0.064,0.087,0.176,0.523,0.07,Jul-06,,638.4
4666,Vladimir Radmanovic,LAL,26,208.28,106.140528,None,Serbia,2001,1,12,55,6.6,3.3,1.2,-6.3,0.062,0.152,0.189,0.518,0.113,Jul-06,,363.0
4680,Sasha Vujacic,LAL,23,200.66,88.45044,None,Slovenia,2004,1,27,73,4.3,1.5,0.9,-3.0,0.034,0.105,0.155,0.54,0.107,Jul-06,,313.9
4691,Ronny Turiaf,LAL,24,208.28,112.944408,Gonzaga,France,2005,2,37,72,5.3,3.6,0.9,0.2,0.09,0.188,0.155,0.586,0.092,Jul-06,,381.59999999999997
4693,Shammond Williams,LAL,32,185.42,91.171992,North Carolina,USA,1998,2,34,30,3.1,1.3,1.0,-4.8,0.036,0.102,0.137,0.53,0.15,Jul-06,,93.0
4714,Smush Parker,LAL,26,193.04,81.64656,Fordham,USA,Undrafted,Undrafted,Undrafted,82,11.1,2.5,2.8,-2.5,0.022,0.075,0.183,0.526,0.141,Jul-06,,910.1999999999999
4810,Lamar Odom,LAL,27,208.28,104.32616,Rhode Island,USA,1999,1,4,56,15.9,9.8,4.8,1.1,0.055,0.232,0.196,0.552,0.193,Jul-06,,890.4
4814,Kwame Brown,LAL,25,210.82,122.46984,None,USA,2001,1,1,41,8.4,6.0,1.8,2.1,0.092,0.179,0.152,0.573,0.097,Jul-06,,344.40000000000003
4817,Kobe Bryant,LAL,28,198.12,99.79024,None,USA,1996,1,13,77,31.6,5.7,5.4,0.6,0.028,0.132,0.333,0.58,0.249,Jul-06,,2433.2000000000003
4838,Luke Walton,LAL,27,203.2,105.233344,Arizona,USA,2003,2,32,60,11.4,5.0,4.3,-0.5,0.052,0.123,0.165,0.551,0.194,Jul-06,,684.0
4848,Jordan Farmar,LAL,20,187.96,81.64656,UCLA,USA,2006,1,26,72,4.4,1.7,1.9,1.7,0.025,0.106,0.163,0.515,0.204,Jul-06,,316.8
4943,Derek Fisher,LAL,33,185.42,95.25432,Arkansas-Little Rock,USA,1996,1,24,82,11.7,2.1,2.9,6.5,0.012,0.069,0.185,0.556,0.157,Aug-07,,959.4
4957,Vladimir Radmanovic,LAL,27,208.28,106.59412,None,Serbia,2001,1,12,65,8.4,3.3,1.9,11.0,0.046,0.117,0.16,0.583,0.114,Aug-07,,546.0
4966,Trevor Ariza,LAL,23,203.2,95.25432,UCLA,USA,2004,2,43,35,5.5,3.1,1.3,3.1,0.063,0.15,0.154,0.568,0.125,Aug-07,,192.5
4978,Ira Newble,LAL,33,200.66,99.79024,Miami (OH),USA,Undrafted,Undrafted,Undrafted,49,3.8,2.6,0.4,-11.0,0.07,0.135,0.141,0.507,0.044,Aug-07,,186.2
5014,Andrew Bynum,LAL,20,213.36,129.27372,None,USA,2005,1,10,35,13.1,10.2,1.7,10.8,0.121,0.256,0.171,0.659,0.091,Aug-07,,458.5
5059,Chris Mihm,LAL,28,213.36,120.20188,Texas,USA,2000,1,7,23,3.6,3.3,0.6,-1.2,0.111,0.18,0.195,0.384,0.071,Aug-07,,82.8
5067,Coby Karl,LAL,25,195.58,97.52228,Boise State,USA,Undrafted,Undrafted,Undrafted,17,1.8,0.8,0.5,16.1,0.045,0.143,0.218,0.493,0.184,Aug-07,,30.6
5073,DJ Mbenga,LAL,27,213.36,115.66596,None,Democratic Republic of the Congo,Undrafted,Undrafted,Undrafted,42,2.0,1.7,0.2,1.8,0.086,0.151,0.136,0.465,0.044,Aug-07,,84.0
5120,Luke Walton,LAL,28,203.2,106.59412,Arizona,USA,2003,2,32,74,7.2,3.9,2.9,6.2,0.056,0.127,0.159,0.509,0.182,Aug-07,,532.8000000000001
5136,Lamar Odom,LAL,28,208.28,104.32616,Rhode Island,USA,1999,1,4,77,14.2,10.6,3.5,8.1,0.077,0.225,0.165,0.582,0.138,Aug-07,,1093.3999999999999
5174,Jordan Farmar,LAL,21,187.96,81.64656,UCLA,USA,2006,1,26,82,9.1,2.2,2.7,8.6,0.027,0.092,0.204,0.563,0.209,Aug-07,,746.1999999999999
5201,Kobe Bryant,LAL,29,198.12,92.98636,None,USA,1996,1,13,82,28.3,6.3,5.4,8.5,0.034,0.141,0.312,0.576,0.236,Aug-07,,2320.6
5234,Sasha Vujacic,LAL,24,200.66,92.98636,None,Slovenia,2004,1,27,72,8.8,2.1,1.0,5.4,0.017,0.117,0.202,0.605,0.087,Aug-07,,633.6
5245,Ronny Turiaf,LAL,25,208.28,113.398,Gonzaga,France,2005,2,37,78,6.6,3.9,1.6,5.1,0.076,0.153,0.168,0.539,0.13,Aug-07,,514.8
5315,Pau Gasol,LAL,27,213.36,113.398,None,Spain,2001,1,3,66,18.9,8.4,3.2,4.9,0.079,0.187,0.226,0.594,0.148,Aug-07,,1247.3999999999999
5354,Jordan Farmar,LAL,22,187.96,81.64656,UCLA,USA,2006,1,26,65,6.4,1.8,2.4,1.7,0.021,0.089,0.194,0.466,0.194,Sep-08,,416.0
5385,Lamar Odom,LAL,29,208.28,104.32616,Rhode Island,USA,1999,1,4,78,11.3,8.2,2.6,14.8,0.088,0.221,0.181,0.542,0.126,Sep-08,,881.4000000000001
5401,Josh Powell,LAL,26,205.74,108.86208,North Carolina State,USA,Undrafted,Undrafted,Undrafted,60,4.2,2.9,0.5,-9.2,0.115,0.169,0.194,0.479,0.06,Sep-08,,252.0
5420,Kobe Bryant,LAL,30,198.12,92.98636,None,USA,1996,1,13,82,26.8,5.2,4.9,10.8,0.035,0.127,0.322,0.561,0.232,Sep-08,,2197.6
5428,Derek Fisher,LAL,34,185.42,95.25432,Arkansas-Little Rock,USA,1996,1,24,82,9.9,2.3,3.2,10.7,0.012,0.074,0.148,0.546,0.146,Sep-08,,811.8000000000001
5448,Luke Walton,LAL,29,203.2,106.59412,Arizona,USA,2003,2,32,65,5.0,2.8,2.7,8.1,0.054,0.116,0.15,0.491,0.204,Sep-08,,325.0
5517,Shannon Brown,LAL,23,193.04,95.707912,Michigan State,USA,2006,1,25,48,4.2,0.9,0.8,-3.0,0.029,0.084,0.213,0.554,0.139,Sep-08,,201.60000000000002
5553,Sasha Vujacic,LAL,25,200.66,92.98636,None,Slovenia,2004,1,27,80,5.8,1.7,1.4,2.6,0.016,0.103,0.158,0.531,0.13,Sep-08,,464.0
5576,DJ Mbenga,LAL,28,213.36,115.66596,None,Democratic Republic of the Congo,Undrafted,Undrafted,Undrafted,23,2.7,1.3,0.4,0.4,0.054,0.126,0.18,0.504,0.078,Sep-08,,62.1
5597,Trevor Ariza,LAL,24,203.2,95.25432,UCLA,USA,2004,2,43,82,8.9,4.3,1.8,8.1,0.064,0.138,0.167,0.544,0.106,Sep-08,,729.8000000000001
5682,Pau Gasol,LAL,28,213.36,113.398,None,Spain,2001,1,3,81,18.9,9.6,3.5,9.1,0.101,0.194,0.205,0.617,0.146,Sep-08,,1530.8999999999999
5691,Adam Morrison,LAL,24,203.2,92.98636,Gonzaga,USA,2006,1,3,52,4.0,1.5,0.8,-7.4,0.032,0.11,0.177,0.448,0.101,Sep-08,,208.0
5733,Chris Mihm,LAL,29,213.36,120.20188,Texas,USA,2000,1,7,18,2.0,1.9,0.6,-17.2,0.153,0.184,0.219,0.418,0.172,Sep-08,,36.0
5776,Andrew Bynum,LAL,21,213.36,129.27372,None,USA,2005,1,10,50,14.3,8.0,1.4,7.6,0.108,0.2,0.21,0.598,0.076,Sep-08,,715.0
5821,Sasha Vujacic,LAL,26,200.66,92.98636,None,Slovenia,2004,1,27,67,2.8,1.2,0.6,-2.8,0.045,0.11,0.148,0.518,0.113,Oct-09,,187.6
5826,Pau Gasol,LAL,29,213.36,113.398,None,Spain,2001,1,3,65,18.3,11.3,3.4,6.2,0.116,0.228,0.213,0.593,0.147,Oct-09,,1189.5
5907,Shannon Brown,LAL,24,193.04,95.25432,Michigan State,USA,2006,1,25,82,8.1,2.2,1.3,1.0,0.02,0.1,0.189,0.517,0.105,Oct-09,,664.1999999999999
5912,Andrew Bynum,LAL,22,213.36,129.27372,None,USA,2005,1,10,65,15.0,8.3,1.0,6.0,0.103,0.203,0.208,0.608,0.055,Oct-09,,975.0
5935,Adam Morrison,LAL,25,203.2,92.98636,Gonzaga,USA,2006,1,3,31,2.4,1.0,0.6,-9.1,0.044,0.101,0.183,0.418,0.121,Oct-09,,74.39999999999999
6046,DJ Mbenga,LAL,29,213.36,115.66596,None,Democratic Republic of the Congo,Undrafted,Undrafted,Undrafted,49,2.1,1.8,0.2,-2.4,0.093,0.166,0.166,0.471,0.037,Oct-09,,102.9
6049,Derek Fisher,LAL,35,185.42,95.25432,Arkansas-Little Rock,USA,1996,1,24,82,7.5,2.1,2.5,7.5,0.013,0.072,0.139,0.499,0.125,Oct-09,,615.0
6089,Luke Walton,LAL,30,203.2,106.59412,Arizona,USA,2003,2,32,29,2.4,1.3,1.4,-8.5,0.046,0.109,0.161,0.402,0.223,Oct-09,,69.6
6101,Lamar Odom,LAL,30,208.28,104.32616,Rhode Island,USA,1999,1,4,82,10.8,9.8,3.3,6.1,0.08,0.263,0.17,0.533,0.159,Oct-09,,885.6
6127,Metta World Peace,LAL,30,200.66,117.93392,St. John's (NY),USA,1999,1,16,77,11.0,4.3,3.0,6.8,0.043,0.098,0.163,0.514,0.132,Oct-09,,847.0
6144,Kobe Bryant,LAL,31,198.12,92.98636,None,USA,1996,1,13,73,27.0,5.4,5.0,8.5,0.032,0.122,0.323,0.545,0.23,Oct-09,,1971.0
6194,Josh Powell,LAL,27,205.74,108.86208,North Carolina State,USA,Undrafted,Undrafted,Undrafted,63,2.7,1.8,0.6,-5.6,0.08,0.147,0.186,0.407,0.097,Oct-09,,170.10000000000002
6200,Jordan Farmar,LAL,23,187.96,81.64656,UCLA,USA,2006,1,26,82,7.2,1.6,1.5,2.4,0.011,0.088,0.192,0.535,0.139,Oct-09,,590.4
6297,Kobe Bryant,LAL,32,198.12,92.98636,None,USA,1996,1,13,82,25.3,5.1,4.7,7.7,0.035,0.135,0.35,0.548,0.258,Nov-10,,2074.6
6433,Derek Fisher,LAL,36,185.42,95.25432,Arkansas-Little Rock,USA,1996,1,24,82,6.8,1.9,2.7,9.3,0.007,0.067,0.127,0.486,0.134,Nov-10,,557.6
6436,Derrick Caracter,LAL,23,205.74,124.7378,Texas-El Paso,USA,2010,2,58,41,2.0,1.0,0.2,-8.4,0.109,0.122,0.196,0.532,0.054,Nov-10,,82.0
6439,Devin Ebanks,LAL,21,205.74,97.52228,West Virginia,USA,2010,2,43,20,3.1,1.4,0.1,-14.1,0.129,0.102,0.237,0.507,0.033,Nov-10,,62.0
6468,Steve Blake,LAL,31,190.5,78.017824,Maryland,USA,2003,2,38,79,4.0,2.0,2.2,3.6,0.014,0.094,0.115,0.5,0.157,Nov-10,,316.0
6484,Shannon Brown,LAL,25,193.04,95.25432,Michigan State,USA,2006,1,25,82,8.7,1.9,1.2,4.0,0.026,0.083,0.222,0.518,0.107,Nov-10,,713.4
6527,Andrew Bynum,LAL,23,213.36,129.27372,None,USA,2005,1,10,54,11.3,9.4,1.4,7.1,0.133,0.252,0.18,0.606,0.079,Nov-10,,610.2
6547,Trey Johnson,LAL,26,195.58,98.883056,Jackson State,USA,Undrafted,Undrafted,Undrafted,8,4.3,0.9,1.4,-7.8,0.023,0.063,0.21,0.455,0.19,Nov-10,,34.4
6561,Matt Barnes,LAL,31,200.66,102.511792,UCLA,USA,2002,2,45,53,6.7,4.3,1.3,1.3,0.084,0.164,0.166,0.569,0.112,Nov-10,,355.1
6568,Metta World Peace,LAL,31,200.66,117.93392,St. John's (NY),USA,1999,1,16,82,8.5,3.3,2.1,8.9,0.048,0.078,0.151,0.485,0.103,Nov-10,,697.0
6581,Lamar Odom,LAL,31,208.28,104.32616,Rhode Island,USA,1999,1,4,82,14.4,8.7,3.0,7.6,0.079,0.223,0.198,0.589,0.154,Nov-10,,1180.8
6597,Luke Walton,LAL,31,203.2,106.59412,Arizona,USA,2003,2,32,54,1.7,1.2,1.1,3.6,0.023,0.119,0.146,0.378,0.183,Nov-10,,91.8
6653,Pau Gasol,LAL,30,213.36,113.398,None,Spain,2001,1,3,82,18.8,10.2,3.3,8.5,0.103,0.205,0.217,0.589,0.148,Nov-10,,1541.6000000000001
6730,Jordan Hill,LAL,24,208.28,106.59412,Arizona,USA,2009,1,8,39,5.0,4.8,0.4,-2.4,0.127,0.261,0.179,0.522,0.044,Dec-11,,195.0
6763,Kobe Bryant,LAL,33,198.12,92.98636,None,USA,1996,1,13,58,27.9,5.4,4.6,3.1,0.035,0.117,0.354,0.527,0.237,Dec-11,,1618.1999999999998
6770,Josh McRoberts,LAL,25,208.28,108.86208,Duke,USA,2007,2,37,50,2.8,3.4,1.0,-6.1,0.098,0.175,0.106,0.516,0.106,Dec-11,,140.0
6828,Jason Kapono,LAL,31,203.2,97.52228,UCLA,USA,2003,2,31,27,2.0,0.5,0.4,7.6,0.01,0.048,0.114,0.476,0.062,Dec-11,,54.0
6877,Darius Morris,LAL,21,193.04,86.18248,Michigan,USA,2011,2,41,19,2.4,0.8,1.1,-13.7,0.014,0.09,0.19,0.5,0.221,Dec-11,,45.6
6887,Devin Ebanks,LAL,22,205.74,97.52228,West Virginia,USA,2010,2,43,24,4.0,2.3,0.5,-0.9,0.071,0.08,0.137,0.465,0.043,Dec-11,,96.0
6925,Christian Eyenga,LAL,23,200.66,95.25432,None,Congo,2009,1,30,7,2.4,2.0,0.7,-17.2,0.04,0.108,0.143,0.298,0.093,Dec-11,,16.8
6959,Troy Murphy,LAL,32,210.82,111.13004,Notre Dame,USA,2001,1,14,59,3.2,3.2,0.9,0.1,0.051,0.174,0.1,0.537,0.081,Dec-11,,188.8
6984,Andrew Goudelock,LAL,23,190.5,90.7184,College of Charleston,USA,2011,2,46,40,4.4,0.8,0.5,-4.2,0.014,0.068,0.228,0.488,0.085,Dec-11,,176.0
6985,Andrew Bynum,LAL,24,213.36,129.27372,None,USA,2005,1,10,60,18.7,11.8,1.4,2.3,0.107,0.258,0.237,0.594,0.074,Dec-11,,1122.0
7055,Pau Gasol,LAL,31,213.36,113.398,None,Spain,2001,1,3,65,17.4,10.4,3.6,3.5,0.087,0.217,0.22,0.547,0.17,Dec-11,,1131.0
7063,Ramon Sessions,LAL,26,190.5,86.18248,Nevada,USA,2007,2,56,64,11.3,3.3,5.5,-1.5,0.022,0.118,0.214,0.535,0.353,Dec-11,,723.2
7081,Matt Barnes,LAL,32,200.66,102.511792,UCLA,USA,2002,2,45,63,7.8,5.5,2.0,2.8,0.08,0.182,0.164,0.554,0.136,Dec-11,,491.4
7085,Metta World Peace,LAL,32,200.66,117.93392,St. John's (NY),USA,1999,1,16,64,7.7,3.4,2.2,2.1,0.048,0.09,0.156,0.478,0.127,Dec-11,,492.8
7112,Steve Blake,LAL,32,190.5,78.017824,Maryland,USA,2003,2,38,53,5.2,1.6,3.3,0.2,0.009,0.067,0.131,0.493,0.216,Dec-11,,275.6
7183,Steve Nash,LAL,39,190.5,80.739376,Santa Clara,Canada,1996,1,15,50,12.7,2.8,6.7,1.4,0.018,0.077,0.177,0.605,0.31,2012-13,2012.0,635.0
7187,Dwight Howard,LAL,27,210.82,120.20188,None,USA,2004,1,1,76,17.1,12.4,1.4,3.4,0.106,0.275,0.224,0.573,0.068,2012-13,2012.0,1299.6000000000001
7212,Steve Blake,LAL,33,190.5,78.017824,Maryland,USA,2003,2,38,45,7.3,2.9,3.8,2.1,0.02,0.101,0.133,0.573,0.227,2012-13,2012.0,328.5
7214,Robert Sacre,LAL,24,213.36,117.93392,Gonzaga,Canada,2012,2,60,32,1.3,1.1,0.2,-12.3,0.048,0.136,0.134,0.407,0.045,2012-13,2012.0,41.6
7236,Pau Gasol,LAL,32,213.36,113.398,None,Spain,2001,1,3,49,13.7,8.6,4.1,3.3,0.079,0.2,0.205,0.512,0.196,2012-13,2012.0,671.3
7290,Chris Duhon,LAL,30,185.42,86.18248,Duke,USA,2004,2,38,46,2.9,1.5,2.9,0.5,0.015,0.076,0.091,0.517,0.236,2012-13,2012.0,133.4
7300,Antawn Jamison,LAL,37,205.74,106.59412,North Carolina,USA,1998,1,4,76,9.4,4.8,0.7,2.3,0.075,0.167,0.188,0.561,0.051,2012-13,2012.0,714.4
7341,Devin Ebanks,LAL,23,205.74,97.52228,West Virginia,USA,2010,2,43,19,3.4,2.2,0.5,-6.6,0.052,0.157,0.198,0.411,0.094,2012-13,2012.0,64.6
7353,Darius Morris,LAL,22,193.04,86.18248,Michigan,USA,2011,2,41,48,4.0,1.2,1.6,0.8,0.038,0.051,0.162,0.475,0.175,2012-13,2012.0,192.0
7413,Jordan Hill,LAL,25,208.28,106.59412,Arizona,USA,2009,1,8,29,6.7,5.7,0.4,-3.8,0.181,0.198,0.191,0.533,0.05,2012-13,2012.0,194.3
7429,Jodie Meeks,LAL,25,193.04,94.347136,Kentucky,USA,2009,2,41,78,7.9,2.2,0.9,2.5,0.025,0.085,0.167,0.54,0.066,2012-13,2012.0,616.2
7461,Earl Clark,LAL,25,208.28,102.0582,Louisville,USA,2009,1,14,59,7.3,5.5,1.1,-2.6,0.069,0.193,0.159,0.51,0.073,2012-13,2012.0,430.7
7495,Metta World Peace,LAL,33,200.66,117.93392,St. John's (NY),USA,1999,1,16,75,12.4,5.0,1.5,4.9,0.046,0.115,0.176,0.517,0.067,2012-13,2012.0,930.0
7576,Kobe Bryant,LAL,34,198.12,92.98636,None,USA,1996,1,13,78,27.3,5.6,6.0,2.7,0.025,0.131,0.317,0.57,0.286,2012-13,2012.0,2129.4
7603,Andrew Goudelock,LAL,24,190.5,90.7184,College of Charleston,USA,2011,2,46,1,0.0,1.0,0.0,-88.3,0.111,0.0,0.157,0.0,0.0,2012-13,2012.0,0.0
7687,Jodie Meeks,LAL,26,193.04,94.347136,Kentucky,USA,2009,2,41,77,15.7,2.5,1.8,-8.9,0.012,0.069,0.19,0.601,0.085,2013-14,2013.0,1208.8999999999999
7700,Jordan Farmar,LAL,27,187.96,81.64656,UCLA,USA,2006,1,26,41,10.1,2.5,4.9,-3.9,0.023,0.1,0.23,0.533,0.343,2013-14,2013.0,414.09999999999997
7702,Jordan Hill,LAL,26,208.28,106.59412,Arizona,USA,2009,1,8,72,9.7,7.4,0.8,-9.5,0.139,0.248,0.198,0.579,0.063,2013-14,2013.0,698.4
7829,Chris Kaman,LAL,32,213.36,120.20188,Central Michigan,USA,2003,1,6,39,10.4,5.9,1.5,-3.7,0.078,0.241,0.263,0.537,0.14,2013-14,2013.0,405.6
7864,Ryan Kelly,LAL,23,210.82,104.32616,Duke,USA,2013,2,48,59,8.0,3.7,1.6,-3.3,0.035,0.145,0.159,0.548,0.104,2013-14,2013.0,472.0
7879,Shawne Williams,LAL,28,205.74,104.32616,Memphis,USA,2006,1,17,36,5.6,4.6,0.8,1.6,0.036,0.196,0.132,0.503,0.058,2013-14,2013.0,201.6
7906,Robert Sacre,LAL,25,213.36,117.93392,Gonzaga,Canada,2012,2,60,65,5.4,3.9,0.8,-5.7,0.079,0.174,0.155,0.513,0.072,2013-14,2013.0,351.0
7931,Wesley Johnson,LAL,26,200.66,97.52228,Syracuse,USA,2010,1,4,79,9.1,4.4,1.6,-7.6,0.033,0.132,0.151,0.522,0.082,2013-14,2013.0,718.9
7937,Xavier Henry,LAL,23,198.12,99.79024,Kansas,USA,2010,1,12,43,10.0,2.7,1.2,-1.1,0.029,0.104,0.227,0.511,0.09,2013-14,2013.0,430.0
7945,Steve Nash,LAL,40,190.5,80.739376,Santa Clara,Canada,1996,1,15,15,6.8,1.9,5.7,-9.3,0.012,0.086,0.186,0.488,0.428,2013-14,2013.0,102.0
7989,Manny Harris,LAL,24,195.58,83.91452,Michigan,USA,Undrafted,Undrafted,Undrafted,9,8.1,3.8,1.2,-10.9,0.04,0.163,0.211,0.485,0.104,2013-14,2013.0,72.89999999999999
7991,MarShon Brooks,LAL,25,195.58,90.7184,Providence,USA,2011,1,25,35,4.5,1.5,0.7,4.2,0.036,0.149,0.232,0.551,0.121,2013-14,2013.0,157.5
8007,Kendall Marshall,LAL,22,193.04,88.45044,North Carolina,USA,2012,1,13,54,8.0,2.9,8.8,-5.7,0.011,0.093,0.163,0.494,0.426,2013-14,2013.0,432.0
8010,Kent Bazemore,LAL,24,195.58,91.171992,Old Dominion,USA,Undrafted,Undrafted,Undrafted,67,6.0,1.7,1.4,-11.8,0.011,0.13,0.222,0.515,0.167,2013-14,2013.0,402.0
8021,Kobe Bryant,LAL,35,198.12,92.98636,None,USA,1996,1,13,6,13.8,4.3,6.3,-10.5,0.013,0.144,0.293,0.505,0.369,2013-14,2013.0,82.80000000000001
8035,Nick Young,LAL,29,200.66,95.25432,Southern California,USA,2007,1,16,64,17.9,2.6,1.5,-2.2,0.017,0.082,0.27,0.564,0.091,2013-14,2013.0,1145.6
8052,Pau Gasol,LAL,33,213.36,113.398,None,Spain,2001,1,3,60,17.4,9.7,3.4,-9.1,0.071,0.254,0.264,0.522,0.184,2013-14,2013.0,1044.0
8138,Ryan Kelly,LAL,24,210.82,104.32616,Duke,USA,2013,2,48,52,6.4,2.8,1.8,-7.4,0.011,0.123,0.143,0.473,0.113,2014-15,2014.0,332.8
8147,Ronnie Price,LAL,32,187.96,86.18248,Utah Valley,USA,Undrafted,Undrafted,Undrafted,43,5.1,1.6,3.8,-3.1,0.021,0.059,0.134,0.455,0.244,2014-15,2014.0,219.29999999999998
8151,Robert Sacre,LAL,26,213.36,122.46984,Gonzaga,Canada,2012,2,60,67,4.6,3.5,0.8,-2.6,0.082,0.143,0.15,0.449,0.076,2014-15,2014.0,308.2
8196,Nick Young,LAL,30,200.66,95.25432,Southern California,USA,2007,1,16,42,13.4,2.3,1.0,-2.8,0.018,0.089,0.257,0.52,0.071,2014-15,2014.0,562.8000000000001
8249,Vander Blue,LAL,22,193.04,90.7184,Marquette,USA,Undrafted,Undrafted,Undrafted,2,11.0,4.5,4.0,-23.0,0.024,0.123,0.205,0.342,0.178,2014-15,2014.0,22.0
8297,Tarik Black,LAL,23,210.82,116.573144,Kansas,USA,Undrafted,Undrafted,Undrafted,63,6.0,5.8,0.7,-2.8,0.131,0.229,0.141,0.583,0.059,2014-15,2014.0,378.0
8337,Wayne Ellington,LAL,27,193.04,90.7184,North Carolina,USA,2009,1,28,65,10.0,3.2,1.6,-3.4,0.02,0.117,0.186,0.504,0.101,2014-15,2014.0,650.0
8338,Wesley Johnson,LAL,27,200.66,97.52228,Syracuse,USA,2010,1,4,76,9.9,4.2,1.6,-6.8,0.032,0.129,0.164,0.509,0.084,2014-15,2014.0,752.4
8345,Xavier Henry,LAL,24,198.12,99.79024,Kansas,USA,2010,1,12,9,2.2,0.4,0.3,8.0,0.024,0.031,0.139,0.424,0.048,2014-15,2014.0,19.8
8355,Ed Davis,LAL,26,208.28,108.86208,North Carolina,USA,2010,1,13,79,8.3,7.6,1.2,-7.4,0.134,0.234,0.147,0.594,0.082,2014-15,2014.0,655.7
8362,Dwight Buycks,LAL,26,190.5,86.18248,Marquette,USA,Undrafted,Undrafted,Undrafted,6,8.7,2.0,2.3,-13.6,0.018,0.092,0.21,0.586,0.206,2014-15,2014.0,52.199999999999996
8425,Carlos Boozer,LAL,33,205.74,117.026736,Duke,USA,2002,2,34,71,11.8,6.8,1.3,-9.2,0.07,0.248,0.235,0.517,0.101,2014-15,2014.0,837.8000000000001
8477,Julius Randle,LAL,20,205.74,113.398,Kentucky,USA,2014,1,7,1,2.0,0.0,0.0,-74.1,0.0,0.0,0.17,0.258,0.0,2014-15,2014.0,2.0
8483,Jordan Hill,LAL,27,208.28,106.59412,Arizona,USA,2009,1,8,70,12.0,7.9,1.5,-10.9,0.097,0.232,0.225,0.494,0.096,2014-15,2014.0,840.0
8486,Jordan Clarkson,LAL,23,195.58,83.91452,Missouri,USA,2014,2,46,59,11.9,3.2,3.5,-8.6,0.04,0.109,0.234,0.528,0.243,2014-15,2014.0,702.1
8516,Kobe Bryant,LAL,36,198.12,96.161504,None,USA,1996,1,13,35,22.3,5.7,5.6,-12.2,0.022,0.166,0.343,0.477,0.3,2014-15,2014.0,780.5
8545,Jabari Brown,LAL,22,195.58,97.068688,Missouri,USA,Undrafted,Undrafted,Undrafted,19,11.9,1.9,2.1,-13.4,0.006,0.071,0.186,0.547,0.113,2014-15,2014.0,226.1
8573,Jeremy Lin,LAL,26,190.5,90.7184,Harvard,USA,Undrafted,Undrafted,Undrafted,74,11.2,2.6,4.6,-6.7,0.015,0.101,0.217,0.539,0.279,2014-15,2014.0,828.8
8684,Jordan Clarkson,LAL,24,195.58,87.996848,Missouri,USA,2014,2,46,79,15.5,4.0,2.4,-13.1,0.037,0.096,0.228,0.516,0.139,2015-16,2015.0,1224.5
8739,Brandon Bass,LAL,31,203.2,113.398,Louisiana State,USA,2005,2,33,66,7.2,4.3,1.1,-2.6,0.085,0.153,0.138,0.619,0.088,2015-16,2015.0,475.2
8746,Anthony Brown,LAL,23,200.66,95.25432,Stanford,USA,2015,2,34,29,4.0,2.4,0.7,-4.3,0.015,0.116,0.11,0.427,0.048,2015-16,2015.0,116.0
8782,D'Angelo Russell,LAL,20,195.58,88.45044,Ohio State,USA,2015,1,2,80,13.2,3.4,3.3,-13.0,0.021,0.113,0.241,0.507,0.213,2015-16,2015.0,1056.0
8844,Roy Hibbert,LAL,29,218.44,122.46984,Georgetown,USA,2008,1,17,81,5.9,4.9,1.2,-18.0,0.071,0.154,0.13,0.507,0.082,2015-16,2015.0,477.90000000000003
8851,Ryan Kelly,LAL,25,210.82,104.32616,Duke,USA,2013,2,48,36,4.2,3.4,0.6,-0.9,0.046,0.229,0.176,0.44,0.07,2015-16,2015.0,151.20000000000002
8864,Robert Sacre,LAL,27,213.36,122.46984,Gonzaga,Canada,2012,2,60,25,3.5,2.9,0.6,-6.6,0.097,0.138,0.138,0.474,0.072,2015-16,2015.0,87.5
8937,Tarik Black,LAL,24,205.74,113.398,Kansas,USA,Undrafted,Undrafted,Undrafted,39,3.4,4.0,0.4,0.7,0.1,0.257,0.13,0.537,0.053,2015-16,2015.0,132.6
8961,Kobe Bryant,LAL,37,198.12,96.161504,None,USA,1996,1,13,66,17.6,3.7,2.8,-15.8,0.023,0.123,0.319,0.469,0.183,2015-16,2015.0,1161.6000000000001
8977,Larry Nance Jr.,LAL,23,205.74,104.32616,Wyoming,USA,2015,1,27,63,5.5,5.0,0.7,-5.2,0.086,0.184,0.126,0.544,0.055,2015-16,2015.0,346.5
8983,Lou Williams,LAL,29,185.42,79.3786,None,USA,2005,2,45,67,15.3,2.5,2.5,-10.8,0.017,0.08,0.227,0.584,0.149,2015-16,2015.0,1025.1000000000001
8996,Julius Randle,LAL,21,205.74,113.398,Kentucky,USA,2014,1,7,81,11.3,10.2,1.8,-15.4,0.077,0.327,0.212,0.482,0.111,2015-16,2015.0,915.3000000000001
9035,Nick Young,LAL,31,200.66,95.25432,Southern California,USA,2007,1,16,54,7.3,1.8,0.6,-10.8,0.015,0.092,0.188,0.483,0.058,2015-16,2015.0,394.2
9054,Marcelo Huertas,LAL,33,190.5,90.7184,None,Brazil,Undrafted,Undrafted,Undrafted,53,4.5,1.7,3.4,0.1,0.023,0.093,0.165,0.488,0.327,2015-16,2015.0,238.5
9066,Metta World Peace,LAL,36,200.66,117.93392,St. John's (NY),USA,1999,1,16,35,5.0,2.5,0.8,-6.0,0.033,0.125,0.165,0.435,0.078,2015-16,2015.0,175.0
